sample,era
OchACat001_Ex1-1A-lcwgs-2_RG-OchACat001-E00526-585-HJLFCCCX2-L3-1A-B2,historical
OchACat002_Ex1-2A-lcwgs-2_RG-OchACat002-E00526-585-HJLFCCCX2-L3-2A-B2,historical
OchACat003_Ex1-3A-lcwgs-2_RG-OchACat003-E00526-585-HJLFCCCX2-L3-3A-B2,historical
OchACat004_Ex1-4A-lcwgs-2_RG-OchACat004-E00526-585-HJLFCCCX2-L3-4A-B2,historical
OchACat005_Ex1-5A-lcwgs-2_RG-OchACat005-E00526-585-HJLFCCCX2-L3-5A-B2,historical
OchACat006_Ex1-6A-lcwgs-2_RG-OchACat006-E00526-585-HJLFCCCX2-L3-6A-B2,historical
OchACat007_Ex1-4A-lcwgs-1_RG-OchACat007-E00526-585-HJLFCCCX2-L3-4A-B1,historical
OchACat007_Ex1-7A-lcwgs-2_RG-OchACat007-E00526-585-HJLFCCCX2-L3-7A-B2,historical
OchACat008_Ex1-8A-lcwgs-2_RG-OchACat008-E00526-585-HJLFCCCX2-L3-8A-B2,historical
OchACat009_Ex1-4C-lcwgs-1_RG-OchACat009-E00526-585-HJLFCCCX2-L3-4C-B1,historical
OchACat009_Ex1-9A-lcwgs-2_RG-OchACat009-E00526-585-HJLFCCCX2-L3-9A-B2,historical
OchACat010_Ex1-10A-lcwgs-2_RG-OchACat010-E00526-585-HJLFCCCX2-L3-10A-B2,historical
OchACat011_Ex1-11A-lcwgs-2_RG-OchACat011-E00526-585-HJLFCCCX2-L3-11A-B2,historical
OchACat012_Ex1-12A-lcwgs-2_RG-OchACat012-E00526-585-HJLFCCCX2-L3-12A-B2,historical
OchACat013_Ex1-1B-lcwgs-2_RG-OchACat013-E00526-585-HJLFCCCX2-L3-1B-B2,historical
OchACat014_Ex1-2B-lcwgs-2_RG-OchACat014-E00526-585-HJLFCCCX2-L3-2B-B2,historical
OchACat015_Ex1-3B-lcwgs-2_RG-OchACat015-E00526-585-HJLFCCCX2-L3-3B-B2,historical
OchACat015_Ex1-5A-lcwgs-1_RG-OchACat015-E00526-585-HJLFCCCX2-L3-5A-B1,historical
OchACat016_Ex1-4B-lcwgs-2_RG-OchACat016-E00526-585-HJLFCCCX2-L3-4B-B2,historical
OchACat017_Ex1-5B-lcwgs-2_RG-OchACat017-E00526-585-HJLFCCCX2-L3-5B-B2,historical
OchACat018_Ex1-6B-lcwgs-2_RG-OchACat018-E00526-585-HJLFCCCX2-L3-6B-B2,historical
OchACat019_Ex1-7B-lcwgs-2_RG-OchACat019-E00526-585-HJLFCCCX2-L3-7B-B2,historical
OchACat020_Ex1-8B-lcwgs-2_RG-OchACat020-E00526-585-HJLFCCCX2-L3-8B-B2,historical
OchACat021_Ex1-9B-lcwgs-2_RG-OchACat021-E00526-585-HJLFCCCX2-L3-9B-B2,historical
OchACat022_Ex1-10B-lcwgs-2_RG-OchACat022-E00526-585-HJLFCCCX2-L3-10B-B2,historical
OchACat023_Ex1-11B-lcwgs-2_RG-OchACat023-E00526-585-HJLFCCCX2-L3-11B-B2,historical
OchACat024_Ex1-12B-lcwgs-2_RG-OchACat024-E00526-585-HJLFCCCX2-L3-12B-B2,historical
OchACat025_Ex1-1C-lcwgs-2_RG-OchACat025-E00526-585-HJLFCCCX2-L3-1C-B2,historical
OchACat026_Ex1-2C-lcwgs-2_RG-OchACat026-E00526-585-HJLFCCCX2-L3-2C-B2,historical
OchACat027_Ex1-3C-lcwgs-2_RG-OchACat027-E00526-585-HJLFCCCX2-L3-3C-B2,historical
OchACat028_Ex1-4C-lcwgs-2_RG-OchACat028-E00526-585-HJLFCCCX2-L3-4C-B2,historical
OchACat029_Ex1-5C-lcwgs-2_RG-OchACat029-E00526-585-HJLFCCCX2-L3-5C-B2,historical
OchACat030_Ex1-6C-lcwgs-2_RG-OchACat030-E00526-585-HJLFCCCX2-L3-6C-B2,historical
OchACat031_Ex1-7C-lcwgs-2_RG-OchACat031-E00526-585-HJLFCCCX2-L3-7C-B2,historical
OchACat032_Ex1-7B-lcwgs-1_RG-OchACat032-E00526-585-HJLFCCCX2-L3-7B-B1,historical
OchACat032_Ex1-8C-lcwgs-2_RG-OchACat032-E00526-585-HJLFCCCX2-L3-8C-B2,historical
OchACat033_Ex1-9C-lcwgs-2_RG-OchACat033-E00526-585-HJLFCCCX2-L3-9C-B2,historical
OchACat034_Ex1-10C-lcwgs-2_RG-OchACat034-E00526-585-HJLFCCCX2-L3-10C-B2,historical
OchACat035_Ex1-11C-lcwgs-2_RG-OchACat035-E00526-585-HJLFCCCX2-L3-11C-B2,historical
OchACat036_Ex1-12C-lcwgs-2_RG-OchACat036-E00526-585-HJLFCCCX2-L3-12C-B2,historical
OchACat037_Ex1-1D-lcwgs-2_RG-OchACat037-E00526-585-HJLFCCCX2-L3-1D-B2,historical
OchACat038_Ex1-2D-lcwgs-2_RG-OchACat038-E00526-585-HJLFCCCX2-L3-2D-B2,historical
OchACat039_Ex1-3D-lcwgs-2_RG-OchACat039-E00526-585-HJLFCCCX2-L3-3D-B2,historical
OchACat039_Ex1-8A-lcwgs-1_RG-OchACat039-E00526-585-HJLFCCCX2-L3-8A-B1,historical
OchACat040_Ex1-4D-lcwgs-2_RG-OchACat040-E00526-585-HJLFCCCX2-L3-4D-B2,historical
OchACat041_Ex1-5D-lcwgs-2_RG-OchACat041-E00526-585-HJLFCCCX2-L3-5D-B2,historical
OchATum001_Ex1-6D-lcwgs-2_RG-OchATum001-E00526-585-HJLFCCCX2-L3-6D-B2,historical
OchATum002_Ex1-7D-lcwgs-2_RG-OchATum002-E00526-585-HJLFCCCX2-L3-7D-B2,historical
OchATum003_Ex1-8D-lcwgs-2_RG-OchATum003-E00526-585-HJLFCCCX2-L3-8D-B2,historical
OchATum004_Ex1-9D-lcwgs-2_RG-OchATum004-E00526-585-HJLFCCCX2-L3-9D-B2,historical
OchATum005_Ex1-10D-lcwgs-2_RG-OchATum005-E00526-585-HJLFCCCX2-L3-10D-B2,historical
OchATum006_Ex1-11D-lcwgs-2_RG-OchATum006-E00526-585-HJLFCCCX2-L3-11D-B2,historical
OchATum007_Ex1-12D-lcwgs-2_RG-OchATum007-E00526-585-HJLFCCCX2-L3-12D-B2,historical
OchATum008_Ex1-1E-lcwgs-2_RG-OchATum008-E00526-585-HJLFCCCX2-L3-1E-B2,historical
OchATum009_Ex1-2E-lcwgs-2_RG-OchATum009-E00526-585-HJLFCCCX2-L3-2E-B2,historical
OchATum010_Ex1-3E-lcwgs-2_RG-OchATum010-E00526-585-HJLFCCCX2-L3-3E-B2,historical
OchATum011_Ex1-4E-lcwgs-2_RG-OchATum011-E00526-585-HJLFCCCX2-L3-4E-B2,historical
OchATum012_Ex1-5E-lcwgs-2_RG-OchATum012-E00526-585-HJLFCCCX2-L3-5E-B2,historical
OchATum013_Ex1-6E-lcwgs-2_RG-OchATum013-E00526-585-HJLFCCCX2-L3-6E-B2,historical
OchATum014_Ex1-7E-lcwgs-2_RG-OchATum014-E00526-585-HJLFCCCX2-L3-7E-B2,historical
OchATum015_Ex1-8E-lcwgs-2_RG-OchATum015-E00526-585-HJLFCCCX2-L3-8E-B2,historical
OchATum016_Ex1-9E-lcwgs-2_RG-OchATum016-E00526-585-HJLFCCCX2-L3-9E-B2,historical
OchATum017_Ex1-10E-lcwgs-2_RG-OchATum017-E00526-585-HJLFCCCX2-L3-10E-B2,historical
OchATum018_Ex1-11E-lcwgs-2_RG-OchATum018-E00526-585-HJLFCCCX2-L3-11E-B2,historical
OchATum019_Ex1-12E-lcwgs-2_RG-OchATum019-E00526-585-HJLFCCCX2-L3-12E-B2,historical
OchATum020_Ex1-1F-lcwgs-2_RG-OchATum020-E00526-585-HJLFCCCX2-L3-1F-B2,historical
OchATum021_Ex1-2F-lcwgs-2_RG-OchATum021-E00526-585-HJLFCCCX2-L3-2F-B2,historical
OchATum022_Ex1-3F-lcwgs-2_RG-OchATum022-E00526-585-HJLFCCCX2-L3-3F-B2,historical
OchATum023_Ex1-4F-lcwgs-2_RG-OchATum023-E00526-585-HJLFCCCX2-L3-4F-B2,historical
OchATum024_Ex1-5F-lcwgs-2_RG-OchATum024-E00526-585-HJLFCCCX2-L3-5F-B2,historical
OchATum025_Ex1-6F-lcwgs-2_RG-OchATum025-E00526-585-HJLFCCCX2-L3-6F-B2,historical
OchATum026_Ex1-7F-lcwgs-2_RG-OchATum026-E00526-585-HJLFCCCX2-L3-7F-B2,historical
OchATum027_Ex1-8F-lcwgs-2_RG-OchATum027-E00526-585-HJLFCCCX2-L3-8F-B2,historical
OchATum028_Ex1-9F-lcwgs-2_RG-OchATum028-E00526-585-HJLFCCCX2-L3-9F-B2,historical
OchATum029_Ex1-10F-lcwgs-2_RG-OchATum029-E00526-585-HJLFCCCX2-L3-10F-B2,historical
OchATum030_Ex1-11F-lcwgs-2_RG-OchATum030-E00526-585-HJLFCCCX2-L3-11F-B2,historical
OchATum031_Ex1-12F-lcwgs-2_RG-OchATum031-E00526-585-HJLFCCCX2-L3-12F-B2,historical
OchATum032_Ex1-1G-lcwgs-2_RG-OchATum032-E00526-585-HJLFCCCX2-L3-1G-B2,historical
OchATum033_Ex1-12D-lcwgs-1_RG-OchATum033-E00526-585-HJLFCCCX2-L3-12D-B1,historical
OchATum033_Ex1-2G-lcwgs-2_RG-OchATum033-E00526-585-HJLFCCCX2-L3-2G-B2,historical
OchATum034_Ex1-3G-lcwgs-2_RG-OchATum034-E00526-585-HJLFCCCX2-L3-3G-B2,historical
OchATum035_Ex1-4G-lcwgs-2_RG-OchATum035-E00526-585-HJLFCCCX2-L3-4G-B2,historical
OchATum036_Ex1-5G-lcwgs-2_RG-OchATum036-E00526-585-HJLFCCCX2-L3-5G-B2,historical
OchCCat001_Ex1-1A-lcwgs-1_RG-OchCCat001-E00526-585-HJLFCCCX2-L3-1A-B1,modern
OchCCat002_Ex1-1B-lcwgs-1_RG-OchCCat002-E00526-585-HJLFCCCX2-L3-1B-B1,modern
OchCCat003_Ex1-1C-lcwgs-1_RG-OchCCat003-E00526-585-HJLFCCCX2-L3-1C-B1,modern
OchCCat004_Ex1-1D-lcwgs-1_RG-OchCCat004-E00526-585-HJLFCCCX2-L3-1D-B1,modern
OchCCat005_Ex1-1E-lcwgs-1_RG-OchCCat005-E00526-585-HJLFCCCX2-L3-1E-B1,modern
OchCCat006_Ex1-1F-lcwgs-1_RG-OchCCat006-E00526-585-HJLFCCCX2-L3-1F-B1,modern
OchCCat007_Ex1-1G-lcwgs-1_RG-OchCCat007-E00526-585-HJLFCCCX2-L3-1G-B1,modern
OchCCat008_Ex1-1H-lcwgs-1_RG-OchCCat008-E00526-585-HJLFCCCX2-L3-1H-B1,modern
OchCCat009_Ex1-2A-lcwgs-1_RG-OchCCat009-E00526-585-HJLFCCCX2-L3-2A-B1,modern
OchCCat010_Ex1-2B-lcwgs-1_RG-OchCCat010-E00526-585-HJLFCCCX2-L3-2B-B1,modern
OchCCat011_Ex1-2C-lcwgs-1_RG-OchCCat011-E00526-585-HJLFCCCX2-L3-2C-B1,modern
OchCCat012_Ex1-2D-lcwgs-1_RG-OchCCat012-E00526-585-HJLFCCCX2-L3-2D-B1,modern
OchCCat013_Ex1-2E-lcwgs-1_RG-OchCCat013-E00526-585-HJLFCCCX2-L3-2E-B1,modern
OchCCat014_Ex1-2F-lcwgs-1_RG-OchCCat014-E00526-585-HJLFCCCX2-L3-2F-B1,modern
OchCCat015_Ex1-2G-lcwgs-1_RG-OchCCat015-E00526-585-HJLFCCCX2-L3-2G-B1,modern
OchCCat016_Ex1-2H-lcwgs-1_RG-OchCCat016-E00526-585-HJLFCCCX2-L3-2H-B1,modern
OchCCat017_Ex1-3A-lcwgs-1_RG-OchCCat017-E00526-585-HJLFCCCX2-L3-3A-B1,modern
OchCCat018_Ex1-3B-lcwgs-1_RG-OchCCat018-E00526-585-HJLFCCCX2-L3-3B-B1,modern
OchCCat019_Ex1-3C-lcwgs-1_RG-OchCCat019-E00526-585-HJLFCCCX2-L3-3C-B1,modern
OchCCat020_Ex1-3D-lcwgs-1_RG-OchCCat020-E00526-585-HJLFCCCX2-L3-3D-B1,modern
OchCCat021_Ex1-3E-lcwgs-1_RG-OchCCat021-E00526-585-HJLFCCCX2-L3-3E-B1,modern
OchCCat022_Ex1-3F-lcwgs-1_RG-OchCCat022-E00526-585-HJLFCCCX2-L3-3F-B1,modern
OchCCat023_Ex1-4E-lcwgs-1_RG-OchCCat023-E00526-585-HJLFCCCX2-L3-4E-B1,modern
OchCCat024_Ex1-5G-lcwgs-1_RG-OchCCat024-E00526-585-HJLFCCCX2-L3-5G-B1,modern
OchCCat025_Ex1-4A-lcwgs-1_RG-OchCCat025-E00526-585-HJLFCCCX2-L3-4A-B1,modern
OchCCat028_Ex1-5C-lcwgs-1_RG-OchCCat028-E00526-585-HJLFCCCX2-L3-5C-B1,modern
OchCCat029_Ex1-3H-lcwgs-1_RG-OchCCat029-E00526-585-HJLFCCCX2-L3-3H-B1,modern
OchCCat031_Ex1-3G-lcwgs-1_RG-OchCCat031-E00526-585-HJLFCCCX2-L3-3G-B1,modern
OchCCat035_Ex1-6A-lcwgs-1_RG-OchCCat035-E00526-585-HJLFCCCX2-L3-6A-B1,modern
OchCCat036_Ex1-5D-lcwgs-1_RG-OchCCat036-E00526-585-HJLFCCCX2-L3-5D-B1,modern
OchCCat037_Ex1-4B-lcwgs-1_RG-OchCCat037-E00526-585-HJLFCCCX2-L3-4B-B1,modern
OchCCat038_Ex1-4C-lcwgs-1_RG-OchCCat038-E00526-585-HJLFCCCX2-L3-4C-B1,modern
OchCCat047_Ex1-4H-lcwgs-1_RG-OchCCat047-E00526-585-HJLFCCCX2-L3-4H-B1,modern
OchCCat051_Ex1-8B-lcwgs-1_RG-OchCCat051-E00526-585-HJLFCCCX2-L3-8B-B1,modern
OchCCat059_Ex1-8C-lcwgs-1_RG-OchCCat059-E00526-585-HJLFCCCX2-L3-8C-B1,modern
OchCCat063_Ex1-5E-lcwgs-1_RG-OchCCat063-E00526-585-HJLFCCCX2-L3-5E-B1,modern
OchCCat065_Ex1-4F-lcwgs-1_RG-OchCCat065-E00526-585-HJLFCCCX2-L3-4F-B1,modern
OchCCat066_Ex1-7A-lcwgs-1_RG-OchCCat066-E00526-585-HJLFCCCX2-L3-7A-B1,modern
OchCCat068_Ex1-4G-lcwgs-1_RG-OchCCat068-E00526-585-HJLFCCCX2-L3-4G-B1,modern
OchCCat069_Ex1-5F-lcwgs-1_RG-OchCCat069-E00526-585-HJLFCCCX2-L3-5F-B1,modern
OchCCat070_Ex1-7F-lcwgs-1_RG-OchCCat070-E00526-585-HJLFCCCX2-L3-7F-B1,modern
OchCCat071_Ex1-8H-lcwgs-1_RG-OchCCat071-E00526-585-HJLFCCCX2-L3-8H-B1,modern
OchCCat072_Ex1-7E-lcwgs-1_RG-OchCCat072-E00526-585-HJLFCCCX2-L3-7E-B1,modern
OchCCat074_Ex1-6E-lcwgs-1_RG-OchCCat074-E00526-585-HJLFCCCX2-L3-6E-B1,modern
OchCCat075_Ex1-5B-lcwgs-1_RG-OchCCat075-E00526-585-HJLFCCCX2-L3-5B-B1,modern
OchCCat076_Ex1-5H-lcwgs-1_RG-OchCCat076-E00526-585-HJLFCCCX2-L3-5H-B1,modern
OchCCat077_Ex1-5A-lcwgs-1_RG-OchCCat077-E00526-585-HJLFCCCX2-L3-5A-B1,modern
OchCCat079_Ex1-8A-lcwgs-1_RG-OchCCat079-E00526-585-HJLFCCCX2-L3-8A-B1,modern
OchCCat080_Ex1-7C-lcwgs-1_RG-OchCCat080-E00526-585-HJLFCCCX2-L3-7C-B1,modern
OchCCat081_Ex1-8D-lcwgs-1_RG-OchCCat081-E00526-585-HJLFCCCX2-L3-8D-B1,modern
OchCCat082_Ex1-6H-lcwgs-1_RG-OchCCat082-E00526-585-HJLFCCCX2-L3-6H-B1,modern
OchCCat083_Ex1-6F-lcwgs-1_RG-OchCCat083-E00526-585-HJLFCCCX2-L3-6F-B1,modern
OchCCat084_Ex1-7D-lcwgs-1_RG-OchCCat084-E00526-585-HJLFCCCX2-L3-7D-B1,modern
OchCCat085_Ex1-6G-lcwgs-1_RG-OchCCat085-E00526-585-HJLFCCCX2-L3-6G-B1,modern
OchCCat086_Ex1-8E-lcwgs-1_RG-OchCCat086-E00526-585-HJLFCCCX2-L3-8E-B1,modern
OchCCat087_Ex1-6C-lcwgs-1_RG-OchCCat087-E00526-585-HJLFCCCX2-L3-6C-B1,modern
OchCCat088_Ex1-7H-lcwgs-1_RG-OchCCat088-E00526-585-HJLFCCCX2-L3-7H-B1,modern
OchCCat090_Ex1-8G-lcwgs-1_RG-OchCCat090-E00526-585-HJLFCCCX2-L3-8G-B1,modern
OchCCat091_Ex1-7G-lcwgs-1_RG-OchCCat091-E00526-585-HJLFCCCX2-L3-7G-B1,modern
OchCCat092_Ex1-8F-lcwgs-1_RG-OchCCat092-E00526-585-HJLFCCCX2-L3-8F-B1,modern
OchCCat094_Ex1-4D-lcwgs-1_RG-OchCCat094-E00526-585-HJLFCCCX2-L3-4D-B1,modern
OchCCat095_Ex1-7B-lcwgs-1_RG-OchCCat095-E00526-585-HJLFCCCX2-L3-7B-B1,modern
OchCCat096_Ex1-6B-lcwgs-1_RG-OchCCat096-E00526-585-HJLFCCCX2-L3-6B-B1,modern
OchCTum001_Ex1-5A-lcwgs-1_RG-OchCTum001-E00526-585-HJLFCCCX2-L3-5A-B1,modern
OchCTum002_Ex1-5B-lcwgs-1_RG-OchCTum002-E00526-585-HJLFCCCX2-L3-5B-B1,modern
OchCTum003_Ex1-5C-lcwgs-1_RG-OchCTum003-E00526-585-HJLFCCCX2-L3-5C-B1,modern
OchCTum004_Ex1-5D-lcwgs-1_RG-OchCTum004-E00526-585-HJLFCCCX2-L3-5D-B1,modern
OchCTum005_Ex1-5E-lcwgs-1_RG-OchCTum005-E00526-585-HJLFCCCX2-L3-5E-B1,modern
OchCTum006_Ex1-5F-lcwgs-1_RG-OchCTum006-E00526-585-HJLFCCCX2-L3-5F-B1,modern
OchCTum007_Ex1-5G-lcwgs-1_RG-OchCTum007-E00526-585-HJLFCCCX2-L3-5G-B1,modern
OchCTum008_Ex1-5H-lcwgs-1_RG-OchCTum008-E00526-585-HJLFCCCX2-L3-5H-B1,modern
OchCTum009_Ex1-6A-lcwgs-1_RG-OchCTum009-E00526-585-HJLFCCCX2-L3-6A-B1,modern
OchCTum010_Ex1-6B-lcwgs-1_RG-OchCTum010-E00526-585-HJLFCCCX2-L3-6B-B1,modern
OchCTum011_Ex1-6C-lcwgs-1_RG-OchCTum011-E00526-585-HJLFCCCX2-L3-6C-B1,modern
OchCTum012_Ex1-6D-lcwgs-1_RG-OchCTum012-E00526-585-HJLFCCCX2-L3-6D-B1,modern
OchCTum013_Ex1-6E-lcwgs-1_RG-OchCTum013-E00526-585-HJLFCCCX2-L3-6E-B1,modern
OchCTum014_Ex1-6F-lcwgs-1_RG-OchCTum014-E00526-585-HJLFCCCX2-L3-6F-B1,modern
OchCTum015_Ex1-6G-lcwgs-1_RG-OchCTum015-E00526-585-HJLFCCCX2-L3-6G-B1,modern
OchCTum016_Ex1-6H-lcwgs-1_RG-OchCTum016-E00526-585-HJLFCCCX2-L3-6H-B1,modern
OchCTum017_Ex1-7A-lcwgs-1_RG-OchCTum017-E00526-585-HJLFCCCX2-L3-7A-B1,modern
OchCTum018_Ex1-7B-lcwgs-1_RG-OchCTum018-E00526-585-HJLFCCCX2-L3-7B-B1,modern
OchCTum019_Ex1-7C-lcwgs-1_RG-OchCTum019-E00526-585-HJLFCCCX2-L3-7C-B1,modern
OchCTum020_Ex1-7D-lcwgs-1_RG-OchCTum020-E00526-585-HJLFCCCX2-L3-7D-B1,modern
OchCTum021_Ex1-7E-lcwgs-1_RG-OchCTum021-E00526-585-HJLFCCCX2-L3-7E-B1,modern
OchCTum022_Ex1-7F-lcwgs-1_RG-OchCTum022-E00526-585-HJLFCCCX2-L3-7F-B1,modern
OchCTum023_Ex1-7G-lcwgs-1_RG-OchCTum023-E00526-585-HJLFCCCX2-L3-7G-B1,modern
OchCTum024_Ex1-7H-lcwgs-1_RG-OchCTum024-E00526-585-HJLFCCCX2-L3-7H-B1,modern
OchCTum025_Ex1-8A-lcwgs-1_RG-OchCTum025-E00526-585-HJLFCCCX2-L3-8A-B1,modern
OchCTum026_Ex1-8B-lcwgs-1_RG-OchCTum026-E00526-585-HJLFCCCX2-L3-8B-B1,modern
OchCTum027_Ex1-8C-lcwgs-1_RG-OchCTum027-E00526-585-HJLFCCCX2-L3-8C-B1,modern
OchCTum028_Ex1-8D-lcwgs-1_RG-OchCTum028-E00526-585-HJLFCCCX2-L3-8D-B1,modern
OchCTum029_Ex1-8E-lcwgs-1_RG-OchCTum029-E00526-585-HJLFCCCX2-L3-8E-B1,modern
OchCTum030_Ex1-8F-lcwgs-1_RG-OchCTum030-E00526-585-HJLFCCCX2-L3-8F-B1,modern
OchCTum031_Ex1-8G-lcwgs-1_RG-OchCTum031-E00526-585-HJLFCCCX2-L3-8G-B1,modern
OchCTum032_Ex1-8H-lcwgs-1_RG-OchCTum032-E00526-585-HJLFCCCX2-L3-8H-B1,modern
OchCTum033_Ex1-9A-lcwgs-1_RG-OchCTum033-E00526-585-HJLFCCCX2-L3-9A-B1,modern
OchCTum034_Ex1-9B-lcwgs-1_RG-OchCTum034-E00526-585-HJLFCCCX2-L3-9B-B1,modern
OchCTum035_Ex1-9C-lcwgs-1_RG-OchCTum035-E00526-585-HJLFCCCX2-L3-9C-B1,modern
OchCTum036_Ex1-9D-lcwgs-1_RG-OchCTum036-E00526-585-HJLFCCCX2-L3-9D-B1,modern
OchCTum037_Ex1-9E-lcwgs-1_RG-OchCTum037-E00526-585-HJLFCCCX2-L3-9E-B1,modern
OchCTum038_Ex1-9F-lcwgs-1_RG-OchCTum038-E00526-585-HJLFCCCX2-L3-9F-B1,modern
OchCTum039_Ex1-9G-lcwgs-1_RG-OchCTum039-E00526-585-HJLFCCCX2-L3-9G-B1,modern
OchCTum040_Ex1-9H-lcwgs-1_RG-OchCTum040-E00526-585-HJLFCCCX2-L3-9H-B1,modern
OchCTum041_Ex1-10A-lcwgs-1_RG-OchCTum041-E00526-585-HJLFCCCX2-L3-10A-B1,modern
OchCTum042_Ex1-10B-lcwgs-1_RG-OchCTum042-E00526-585-HJLFCCCX2-L3-10B-B1,modern
OchCTum043_Ex1-10C-lcwgs-1_RG-OchCTum043-E00526-585-HJLFCCCX2-L3-10C-B1,modern
OchCTum044_Ex1-10D-lcwgs-1_RG-OchCTum044-E00526-585-HJLFCCCX2-L3-10D-B1,modern
OchCTum045_Ex1-10E-lcwgs-1_RG-OchCTum045-E00526-585-HJLFCCCX2-L3-10E-B1,modern
OchCTum047_Ex1-10G-lcwgs-1_RG-OchCTum047-E00526-585-HJLFCCCX2-L3-10G-B1,modern
OchCTum048_Ex1-10H-lcwgs-1_RG-OchCTum048-E00526-585-HJLFCCCX2-L3-10H-B1,modern
OchCTum049_Ex1-11A-lcwgs-1_RG-OchCTum049-E00526-585-HJLFCCCX2-L3-11A-B1,modern
OchCTum050_Ex1-11B-lcwgs-1_RG-OchCTum050-E00526-585-HJLFCCCX2-L3-11B-B1,modern
OchCTum051_Ex1-11C-lcwgs-1_RG-OchCTum051-E00526-585-HJLFCCCX2-L3-11C-B1,modern
OchACan001_Ex1-1A-lcwgs-1_RG-OchACan001-LH00328-276-22KKJLLT3-L2-1A-B1,historical
OchACan002_Ex1-2A-lcwgs-1_RG-OchACan002-LH00328-276-22KKJLLT3-L2-2A-B1,historical
OchACan003_Ex1-3A-lcwgs-1_RG-OchACan003-LH00328-276-22KKJLLT3-L2-3A-B1,historical
OchACan004_Ex1-4A-lcwgs-1_RG-OchACan004-LH00328-276-22KKJLLT3-L2-4A-B1,historical
OchACan005_Ex1-5A-lcwgs-1_RG-OchACan005-LH00328-276-22KKJLLT3-L2-5A-B1,historical
OchACan006_Ex1-6A-lcwgs-1_RG-OchACan006-LH00328-276-22KKJLLT3-L2-6A-B1,historical
OchACan007_Ex1-7A-lcwgs-1_RG-OchACan007-LH00328-276-22KKJLLT3-L2-7A-B1,historical
OchACan008_Ex1-8A-lcwgs-1_RG-OchACan008-LH00328-276-22KKJLLT3-L2-8A-B1,historical
OchACan009_Ex1-9A-lcwgs-1_RG-OchACan009-LH00328-276-22KKJLLT3-L2-9A-B1,historical
OchACan010_Ex1-10A-lcwgs-1_RG-OchACan010-LH00328-276-22KKJLLT3-L2-10A-B1,historical
OchACan011_Ex1-11A-lcwgs-1_RG-OchACan011-LH00328-276-22KKJLLT3-L2-11A-B1,historical
OchACan012_Ex1-12A-lcwgs-1_RG-OchACan012-LH00328-276-22KKJLLT3-L2-12A-B1,historical
OchACan013_Ex1-1B-lcwgs-1_RG-OchACan013-LH00328-276-22KKJLLT3-L2-1B-B1,historical
OchACan014_Ex1-2B-lcwgs-1_RG-OchACan014-LH00328-276-22KKJLLT3-L2-2B-B1,historical
OchACan015_Ex1-3B-lcwgs-1_RG-OchACan015-LH00328-276-22KKJLLT3-L2-3B-B1,historical
OchACan016_Ex1-4B-lcwgs-1_RG-OchACan016-LH00328-276-22KKJLLT3-L2-4B-B1,historical
OchACan017_Ex1-5B-lcwgs-1_RG-OchACan017-LH00328-276-22KKJLLT3-L2-5B-B1,historical
OchACan018_Ex1-6B-lcwgs-1_RG-OchACan018-LH00328-276-22KKJLLT3-L2-6B-B1,historical
OchACan019_Ex1-7B-lcwgs-1_RG-OchACan019-LH00328-276-22KKJLLT3-L2-7B-B1,historical
OchACan020_Ex1-8B-lcwgs-1_RG-OchACan020-LH00328-276-22KKJLLT3-L2-8B-B1,historical
OchACan021_Ex1-9B-lcwgs-1_RG-OchACan021-LH00328-276-22KKJLLT3-L2-9B-B1,historical
OchACan022_Ex1-10B-lcwgs-1_RG-OchACan022-LH00328-276-22KKJLLT3-L2-10B-B1,historical
OchACan023_Ex1-11B-lcwgs-1_RG-OchACan023-LH00328-276-22KKJLLT3-L2-11B-B1,historical
OchACan024_Ex1-12B-lcwgs-1_RG-OchACan024-LH00328-276-22KKJLLT3-L2-12B-B1,historical
OchCBur013_Ex1-1A-lcwgs-1_RG-OchCBur013-LH00328-276-22KKJLLT3-L2-1A-B1,modern
OchCBur014_Ex1-1G-lcwgs-1_RG-OchCBur014-LH00328-276-22KKJLLT3-L2-1G-B1,modern
OchCBur015_Ex1-2E-lcwgs-1_RG-OchCBur015-LH00328-276-22KKJLLT3-L2-2E-B1,modern
OchCBur016_Ex1-3A-lcwgs-1_RG-OchCBur016-LH00328-276-22KKJLLT3-L2-3A-B1,modern
OchCBur017_Ex1-3H-lcwgs-1_RG-OchCBur017-LH00328-276-22KKJLLT3-L2-3H-B1,modern
OchCBur018_Ex1-4G-lcwgs-1_RG-OchCBur018-LH00328-276-22KKJLLT3-L2-4G-B1,modern
OchCBur021_Ex1-6F-lcwgs-1_RG-OchCBur021-LH00328-276-22KKJLLT3-L2-6F-B1,modern
OchCBur022_Ex1-7B-lcwgs-1_RG-OchCBur022-LH00328-276-22KKJLLT3-L2-7B-B1,modern
OchCBur023_Ex1-7G-lcwgs-1_RG-OchCBur023-LH00328-276-22KKJLLT3-L2-7G-B1,modern
OchCBur024_Ex1-8E-lcwgs-1_RG-OchCBur024-LH00328-276-22KKJLLT3-L2-8E-B1,modern
OchCBur025_Ex1-1B-lcwgs-1_RG-OchCBur025-LH00328-276-22KKJLLT3-L2-1B-B1,modern
OchCBur026_Ex1-1H-lcwgs-1_RG-OchCBur026-LH00328-276-22KKJLLT3-L2-1H-B1,modern
OchCBur028_Ex1-3B-lcwgs-1_RG-OchCBur028-LH00328-276-22KKJLLT3-L2-3B-B1,modern
OchCBur029_Ex1-4A-lcwgs-1_RG-OchCBur029-LH00328-276-22KKJLLT3-L2-4A-B1,modern
OchCBur030_Ex1-4H-lcwgs-1_RG-OchCBur030-LH00328-276-22KKJLLT3-L2-4H-B1,modern
OchCBur031_Ex1-5E-lcwgs-1_RG-OchCBur031-LH00328-276-22KKJLLT3-L2-5E-B1,modern
OchCBur032_Ex1-6B-lcwgs-1_RG-OchCBur032-LH00328-276-22KKJLLT3-L2-6B-B1,modern
OchCBur034_Ex1-7C-lcwgs-1_RG-OchCBur034-LH00328-276-22KKJLLT3-L2-7C-B1,modern
OchCBur035_Ex1-7H-lcwgs-1_RG-OchCBur035-LH00328-276-22KKJLLT3-L2-7H-B1,modern
OchCBur037_Ex1-1C-lcwgs-1_RG-OchCBur037-LH00328-276-22KKJLLT3-L2-1C-B1,modern
OchCBur038_Ex1-2A-lcwgs-1_RG-OchCBur038-LH00328-276-22KKJLLT3-L2-2A-B1,modern
OchCBur040_Ex1-3C-lcwgs-1_RG-OchCBur040-LH00328-276-22KKJLLT3-L2-3C-B1,modern
OchCBur041_Ex1-4B-lcwgs-1_RG-OchCBur041-LH00328-276-22KKJLLT3-L2-4B-B1,modern
OchCBur042_Ex1-5A-lcwgs-1_RG-OchCBur042-LH00328-276-22KKJLLT3-L2-5A-B1,modern
OchCBur043_Ex1-5F-lcwgs-1_RG-OchCBur043-LH00328-276-22KKJLLT3-L2-5F-B1,modern
OchCBur044_Ex1-6C-lcwgs-1_RG-OchCBur044-LH00328-276-22KKJLLT3-L2-6C-B1,modern
OchCBur045_Ex1-6G-lcwgs-1_RG-OchCBur045-LH00328-276-22KKJLLT3-L2-6G-B1,modern
OchCBur047_Ex1-8A-lcwgs-1_RG-OchCBur047-LH00328-276-22KKJLLT3-L2-8A-B1,modern
OchCBur049_Ex1-1D-lcwgs-1_RG-OchCBur049-LH00328-276-22KKJLLT3-L2-1D-B1,modern
OchCBur051_Ex1-2F-lcwgs-1_RG-OchCBur051-LH00328-276-22KKJLLT3-L2-2F-B1,modern
OchCBur052_Ex1-3D-lcwgs-1_RG-OchCBur052-LH00328-276-22KKJLLT3-L2-3D-B1,modern
OchCBur053_Ex1-4C-lcwgs-1_RG-OchCBur053-LH00328-276-22KKJLLT3-L2-4C-B1,modern
OchCBur054_Ex1-5B-lcwgs-1_RG-OchCBur054-LH00328-276-22KKJLLT3-L2-5B-B1,modern
OchCBur055_Ex1-5G-lcwgs-1_RG-OchCBur055-LH00328-276-22KKJLLT3-L2-5G-B1,modern
OchCBur056_Ex1-6D-lcwgs-1_RG-OchCBur056-LH00328-276-22KKJLLT3-L2-6D-B1,modern
OchCBur057_Ex1-6H-lcwgs-1_RG-OchCBur057-LH00328-276-22KKJLLT3-L2-6H-B1,modern
OchCBur058_Ex1-7D-lcwgs-1_RG-OchCBur058-LH00328-276-22KKJLLT3-L2-7D-B1,modern
OchCBur059_Ex1-8B-lcwgs-1_RG-OchCBur059-LH00328-276-22KKJLLT3-L2-8B-B1,modern
OchCBur060_Ex1-8F-lcwgs-1_RG-OchCBur060-LH00328-276-22KKJLLT3-L2-8F-B1,modern
OchCBur061_Ex1-1E-lcwgs-1_RG-OchCBur061-LH00328-276-22KKJLLT3-L2-1E-B1,modern
OchCBur062_Ex1-2B-lcwgs-1_RG-OchCBur062-LH00328-276-22KKJLLT3-L2-2B-B1,modern
OchCBur063_Ex1-2G-lcwgs-1_RG-OchCBur063-LH00328-276-22KKJLLT3-L2-2G-B1,modern
OchCBur064_Ex1-3E-lcwgs-1_RG-OchCBur064-LH00328-276-22KKJLLT3-L2-3E-B1,modern
OchCBur065_Ex1-4D-lcwgs-1_RG-OchCBur065-LH00328-276-22KKJLLT3-L2-4D-B1,modern
OchCBur066_Ex1-5C-lcwgs-1_RG-OchCBur066-LH00328-276-22KKJLLT3-L2-5C-B1,modern
OchCBur067_Ex1-5H-lcwgs-1_RG-OchCBur067-LH00328-276-22KKJLLT3-L2-5H-B1,modern
OchCBur069_Ex1-7A-lcwgs-1_RG-OchCBur069-LH00328-276-22KKJLLT3-L2-7A-B1,modern
OchCBur070_Ex1-7E-lcwgs-1_RG-OchCBur070-LH00328-276-22KKJLLT3-L2-7E-B1,modern
OchCBur071_Ex1-8C-lcwgs-1_RG-OchCBur071-LH00328-276-22KKJLLT3-L2-8C-B1,modern
OchCBur072_Ex1-8G-lcwgs-1_RG-OchCBur072-LH00328-276-22KKJLLT3-L2-8G-B1,modern
OchCBur073_Ex1-1F-lcwgs-1_RG-OchCBur073-LH00328-276-22KKJLLT3-L2-1F-B1,modern
OchCBur074_Ex1-2C-lcwgs-1_RG-OchCBur074-LH00328-276-22KKJLLT3-L2-2C-B1,modern
OchCBur076_Ex1-3F-lcwgs-1_RG-OchCBur076-LH00328-276-22KKJLLT3-L2-3F-B1,modern
OchCBur077_Ex1-4E-lcwgs-1_RG-OchCBur077-LH00328-276-22KKJLLT3-L2-4E-B1,modern
OchCBur078_Ex1-5D-lcwgs-1_RG-OchCBur078-LH00328-276-22KKJLLT3-L2-5D-B1,modern
OchCBur079_Ex1-6A-lcwgs-1_RG-OchCBur079-LH00328-276-22KKJLLT3-L2-6A-B1,modern
OchCBur080_Ex1-6E-lcwgs-1_RG-OchCBur080-LH00328-276-22KKJLLT3-L2-6E-B1,modern
OchCBur082_Ex1-7F-lcwgs-1_RG-OchCBur082-LH00328-276-22KKJLLT3-L2-7F-B1,modern
OchCBur083_Ex1-8D-lcwgs-1_RG-OchCBur083-LH00328-276-22KKJLLT3-L2-8D-B1,modern
OchCBur084_Ex1-8H-lcwgs-1_RG-OchCBur084-LH00328-276-22KKJLLT3-L2-8H-B1,modern
OchCBur086_Ex1-2D-lcwgs-1_RG-OchCBur086-LH00328-276-22KKJLLT3-L2-2D-B1,modern
OchCBur087_Ex1-2H-lcwgs-1_RG-OchCBur087-LH00328-276-22KKJLLT3-L2-2H-B1,modern
OchCBur088_Ex1-3G-lcwgs-1_RG-OchCBur088-LH00328-276-22KKJLLT3-L2-3G-B1,modern
OchCBur089_Ex1-4F-lcwgs-1_RG-OchCBur089-LH00328-276-22KKJLLT3-L2-4F-B1,modern
OchACan001_Ex1-1A-lcwgs-1_RG-OchACan001-LH00516-290-22M5VHLT4-L4-1A-B1,historical
OchACan002_Ex1-2A-lcwgs-1_RG-OchACan002-LH00516-290-22M5VHLT4-L4-2A-B1,historical
OchACan003_Ex1-3A-lcwgs-1_RG-OchACan003-LH00516-290-22M5VHLT4-L4-3A-B1,historical
OchACan004_Ex1-4A-lcwgs-1_RG-OchACan004-LH00516-290-22M5VHLT4-L4-4A-B1,historical
OchACan005_Ex1-5A-lcwgs-1_RG-OchACan005-LH00516-290-22M5VHLT4-L4-5A-B1,historical
OchACan006_Ex1-6A-lcwgs-1_RG-OchACan006-LH00516-290-22M5VHLT4-L4-6A-B1,historical
OchACan007_Ex1-7A-lcwgs-1_RG-OchACan007-LH00516-290-22M5VHLT4-L4-7A-B1,historical
OchACan008_Ex1-8A-lcwgs-1_RG-OchACan008-LH00516-290-22M5VHLT4-L4-8A-B1,historical
OchACan009_Ex1-9A-lcwgs-1_RG-OchACan009-LH00516-290-22M5VHLT4-L4-9A-B1,historical
OchACan010_Ex1-10A-lcwgs-1_RG-OchACan010-LH00516-290-22M5VHLT4-L4-10A-B1,historical
OchACan011_Ex1-11A-lcwgs-1_RG-OchACan011-LH00516-290-22M5VHLT4-L4-11A-B1,historical
OchACan012_Ex1-12A-lcwgs-1_RG-OchACan012-LH00516-290-22M5VHLT4-L4-12A-B1,historical
OchACan013_Ex1-1B-lcwgs-1_RG-OchACan013-LH00516-290-22M5VHLT4-L4-1B-B1,historical
OchACan014_Ex1-2B-lcwgs-1_RG-OchACan014-LH00516-290-22M5VHLT4-L4-2B-B1,historical
OchACan015_Ex1-3B-lcwgs-1_RG-OchACan015-LH00516-290-22M5VHLT4-L4-3B-B1,historical
OchACan016_Ex1-4B-lcwgs-1_RG-OchACan016-LH00516-290-22M5VHLT4-L4-4B-B1,historical
OchACan017_Ex1-5B-lcwgs-1_RG-OchACan017-LH00516-290-22M5VHLT4-L4-5B-B1,historical
OchACan018_Ex1-6B-lcwgs-1_RG-OchACan018-LH00516-290-22M5VHLT4-L4-6B-B1,historical
OchACan019_Ex1-7B-lcwgs-1_RG-OchACan019-LH00516-290-22M5VHLT4-L4-7B-B1,historical
OchACan020_Ex1-8B-lcwgs-1_RG-OchACan020-LH00516-290-22M5VHLT4-L4-8B-B1,historical
OchACan021_Ex1-9B-lcwgs-1_RG-OchACan021-LH00516-290-22M5VHLT4-L4-9B-B1,historical
OchACan022_Ex1-10B-lcwgs-1_RG-OchACan022-LH00516-290-22M5VHLT4-L4-10B-B1,historical
OchACan023_Ex1-11B-lcwgs-1_RG-OchACan023-LH00516-290-22M5VHLT4-L4-11B-B1,historical
OchACan024_Ex1-12B-lcwgs-1_RG-OchACan024-LH00516-290-22M5VHLT4-L4-12B-B1,historical
OchACat001_Ex1-1A-lcwgs-2_RG-OchACat001-LH00516-290-22M5VHLT4-L4-1A-B2,historical
OchACat002_Ex1-2A-lcwgs-2_RG-OchACat002-LH00516-290-22M5VHLT4-L4-2A-B2,historical
OchACat003_Ex1-3A-lcwgs-2_RG-OchACat003-LH00516-290-22M5VHLT4-L4-3A-B2,historical
OchACat004_Ex1-4A-lcwgs-2_RG-OchACat004-LH00516-290-22M5VHLT4-L4-4A-B2,historical
OchACat005_Ex1-5A-lcwgs-2_RG-OchACat005-LH00516-290-22M5VHLT4-L4-5A-B2,historical
OchACat006_Ex1-6A-lcwgs-2_RG-OchACat006-LH00516-290-22M5VHLT4-L4-6A-B2,historical
OchACat007_Ex1-7A-lcwgs-2_RG-OchACat007-LH00516-290-22M5VHLT4-L4-7A-B2,historical
OchACat008_Ex1-8A-lcwgs-2_RG-OchACat008-LH00516-290-22M5VHLT4-L4-8A-B2,historical
OchACat009_Ex1-9A-lcwgs-2_RG-OchACat009-LH00516-290-22M5VHLT4-L4-9A-B2,historical
OchACat010_Ex1-10A-lcwgs-2_RG-OchACat010-LH00516-290-22M5VHLT4-L4-10A-B2,historical
OchACat011_Ex1-11A-lcwgs-2_RG-OchACat011-LH00516-290-22M5VHLT4-L4-11A-B2,historical
OchACat012_Ex1-12A-lcwgs-2_RG-OchACat012-LH00516-290-22M5VHLT4-L4-12A-B2,historical
OchACat013_Ex1-1B-lcwgs-2_RG-OchACat013-LH00516-290-22M5VHLT4-L4-1B-B2,historical
OchACat014_Ex1-2B-lcwgs-2_RG-OchACat014-LH00516-290-22M5VHLT4-L4-2B-B2,historical
OchACat015_Ex1-3B-lcwgs-2_RG-OchACat015-LH00516-290-22M5VHLT4-L4-3B-B2,historical
OchACat016_Ex1-4B-lcwgs-2_RG-OchACat016-LH00516-290-22M5VHLT4-L4-4B-B2,historical
OchACat017_Ex1-5B-lcwgs-2_RG-OchACat017-LH00516-290-22M5VHLT4-L4-5B-B2,historical
OchACat018_Ex1-6B-lcwgs-2_RG-OchACat018-LH00516-290-22M5VHLT4-L4-6B-B2,historical
OchACat019_Ex1-7B-lcwgs-2_RG-OchACat019-LH00516-290-22M5VHLT4-L4-7B-B2,historical
OchACat020_Ex1-8B-lcwgs-2_RG-OchACat020-LH00516-290-22M5VHLT4-L4-8B-B2,historical
OchACat021_Ex1-9B-lcwgs-2_RG-OchACat021-LH00516-290-22M5VHLT4-L4-9B-B2,historical
OchACat022_Ex1-10B-lcwgs-2_RG-OchACat022-LH00516-290-22M5VHLT4-L4-10B-B2,historical
OchACat023_Ex1-11B-lcwgs-2_RG-OchACat023-LH00516-290-22M5VHLT4-L4-11B-B2,historical
OchACat024_Ex1-12B-lcwgs-2_RG-OchACat024-LH00516-290-22M5VHLT4-L4-12B-B2,historical
OchACat025_Ex1-1C-lcwgs-2_RG-OchACat025-LH00516-290-22M5VHLT4-L4-1C-B2,historical
OchACat026_Ex1-2C-lcwgs-2_RG-OchACat026-LH00516-290-22M5VHLT4-L4-2C-B2,historical
OchACat027_Ex1-3C-lcwgs-2_RG-OchACat027-LH00516-290-22M5VHLT4-L4-3C-B2,historical
OchACat028_Ex1-4C-lcwgs-2_RG-OchACat028-LH00516-290-22M5VHLT4-L4-4C-B2,historical
OchACat029_Ex1-5C-lcwgs-2_RG-OchACat029-LH00516-290-22M5VHLT4-L4-5C-B2,historical
OchACat030_Ex1-6C-lcwgs-2_RG-OchACat030-LH00516-290-22M5VHLT4-L4-6C-B2,historical
OchACat031_Ex1-7C-lcwgs-2_RG-OchACat031-LH00516-290-22M5VHLT4-L4-7C-B2,historical
OchACat032_Ex1-8C-lcwgs-2_RG-OchACat032-LH00516-290-22M5VHLT4-L4-8C-B2,historical
OchACat033_Ex1-9C-lcwgs-2_RG-OchACat033-LH00516-290-22M5VHLT4-L4-9C-B2,historical
OchACat034_Ex1-10C-lcwgs-2_RG-OchACat034-LH00516-290-22M5VHLT4-L4-10C-B2,historical
OchACat035_Ex1-11C-lcwgs-2_RG-OchACat035-LH00516-290-22M5VHLT4-L4-11C-B2,historical
OchACat036_Ex1-12C-lcwgs-2_RG-OchACat036-LH00516-290-22M5VHLT4-L4-12C-B2,historical
OchACat037_Ex1-1D-lcwgs-2_RG-OchACat037-LH00516-290-22M5VHLT4-L4-1D-B2,historical
OchACat038_Ex1-2D-lcwgs-2_RG-OchACat038-LH00516-290-22M5VHLT4-L4-2D-B2,historical
OchACat039_Ex1-3D-lcwgs-2_RG-OchACat039-LH00516-290-22M5VHLT4-L4-3D-B2,historical
OchACat040_Ex1-4D-lcwgs-2_RG-OchACat040-LH00516-290-22M5VHLT4-L4-4D-B2,historical
OchACat041_Ex1-5D-lcwgs-2_RG-OchACat041-LH00516-290-22M5VHLT4-L4-5D-B2,historical
OchATum001_Ex1-6D-lcwgs-2_RG-OchATum001-LH00516-290-22M5VHLT4-L4-6D-B2,historical
OchATum002_Ex1-7D-lcwgs-2_RG-OchATum002-LH00516-290-22M5VHLT4-L4-7D-B2,historical
OchATum003_Ex1-8D-lcwgs-2_RG-OchATum003-LH00516-290-22M5VHLT4-L4-8D-B2,historical
OchATum004_Ex1-9D-lcwgs-2_RG-OchATum004-LH00516-290-22M5VHLT4-L4-9D-B2,historical
OchATum005_Ex1-10D-lcwgs-2_RG-OchATum005-LH00516-290-22M5VHLT4-L4-10D-B2,historical
OchATum006_Ex1-11D-lcwgs-2_RG-OchATum006-LH00516-290-22M5VHLT4-L4-11D-B2,historical
OchATum007_Ex1-12D-lcwgs-2_RG-OchATum007-LH00516-290-22M5VHLT4-L4-12D-B2,historical
OchATum008_Ex1-1E-lcwgs-2_RG-OchATum008-LH00516-290-22M5VHLT4-L4-1E-B2,historical
OchATum009_Ex1-2E-lcwgs-2_RG-OchATum009-LH00516-290-22M5VHLT4-L4-2E-B2,historical
OchATum010_Ex1-3E-lcwgs-2_RG-OchATum010-LH00516-290-22M5VHLT4-L4-3E-B2,historical
OchATum011_Ex1-4E-lcwgs-2_RG-OchATum011-LH00516-290-22M5VHLT4-L4-4E-B2,historical
OchATum012_Ex1-5E-lcwgs-2_RG-OchATum012-LH00516-290-22M5VHLT4-L4-5E-B2,historical
OchATum013_Ex1-6E-lcwgs-2_RG-OchATum013-LH00516-290-22M5VHLT4-L4-6E-B2,historical
OchATum014_Ex1-7E-lcwgs-2_RG-OchATum014-LH00516-290-22M5VHLT4-L4-7E-B2,historical
OchATum015_Ex1-8E-lcwgs-2_RG-OchATum015-LH00516-290-22M5VHLT4-L4-8E-B2,historical
OchATum016_Ex1-9E-lcwgs-2_RG-OchATum016-LH00516-290-22M5VHLT4-L4-9E-B2,historical
OchATum017_Ex1-10E-lcwgs-2_RG-OchATum017-LH00516-290-22M5VHLT4-L4-10E-B2,historical
OchATum018_Ex1-11E-lcwgs-2_RG-OchATum018-LH00516-290-22M5VHLT4-L4-11E-B2,historical
OchATum019_Ex1-12E-lcwgs-2_RG-OchATum019-LH00516-290-22M5VHLT4-L4-12E-B2,historical
OchATum020_Ex1-1F-lcwgs-2_RG-OchATum020-LH00516-290-22M5VHLT4-L4-1F-B2,historical
OchATum021_Ex1-2F-lcwgs-2_RG-OchATum021-LH00516-290-22M5VHLT4-L4-2F-B2,historical
OchATum022_Ex1-3F-lcwgs-2_RG-OchATum022-LH00516-290-22M5VHLT4-L4-3F-B2,historical
OchATum023_Ex1-4F-lcwgs-2_RG-OchATum023-LH00516-290-22M5VHLT4-L4-4F-B2,historical
OchATum024_Ex1-5F-lcwgs-2_RG-OchATum024-LH00516-290-22M5VHLT4-L4-5F-B2,historical
OchATum025_Ex1-6F-lcwgs-2_RG-OchATum025-LH00516-290-22M5VHLT4-L4-6F-B2,historical
OchATum026_Ex1-7F-lcwgs-2_RG-OchATum026-LH00516-290-22M5VHLT4-L4-7F-B2,historical
OchATum027_Ex1-8F-lcwgs-2_RG-OchATum027-LH00516-290-22M5VHLT4-L4-8F-B2,historical
OchATum028_Ex1-9F-lcwgs-2_RG-OchATum028-LH00516-290-22M5VHLT4-L4-9F-B2,historical
OchATum029_Ex1-10F-lcwgs-2_RG-OchATum029-LH00516-290-22M5VHLT4-L4-10F-B2,historical
OchATum030_Ex1-11F-lcwgs-2_RG-OchATum030-LH00516-290-22M5VHLT4-L4-11F-B2,historical
OchATum031_Ex1-12F-lcwgs-2_RG-OchATum031-LH00516-290-22M5VHLT4-L4-12F-B2,historical
OchATum032_Ex1-1G-lcwgs-2_RG-OchATum032-LH00516-290-22M5VHLT4-L4-1G-B2,historical
OchATum033_Ex1-2G-lcwgs-2_RG-OchATum033-LH00516-290-22M5VHLT4-L4-2G-B2,historical
OchATum034_Ex1-3G-lcwgs-2_RG-OchATum034-LH00516-290-22M5VHLT4-L4-3G-B2,historical
OchATum035_Ex1-4G-lcwgs-2_RG-OchATum035-LH00516-290-22M5VHLT4-L4-4G-B2,historical
OchATum036_Ex1-5G-lcwgs-2_RG-OchATum036-LH00516-290-22M5VHLT4-L4-5G-B2,historical
OchCBur013_Ex1-1A-lcwgs-1_RG-OchCBur013-LH00516-290-22M5VHLT4-L4-1A-B1,modern
OchCBur015_Ex1-2E-lcwgs-1_RG-OchCBur015-LH00516-290-22M5VHLT4-L4-2E-B1,modern
OchCBur016_Ex1-3A-lcwgs-1_RG-OchCBur016-LH00516-290-22M5VHLT4-L4-3A-B1,modern
OchCBur017_Ex1-3H-lcwgs-1_RG-OchCBur017-LH00516-290-22M5VHLT4-L4-3H-B1,modern
OchCBur018_Ex1-4G-lcwgs-1_RG-OchCBur018-LH00516-290-22M5VHLT4-L4-4G-B1,modern
OchCBur021_Ex1-6F-lcwgs-1_RG-OchCBur021-LH00516-290-22M5VHLT4-L4-6F-B1,modern
OchCBur022_Ex1-7B-lcwgs-1_RG-OchCBur022-LH00516-290-22M5VHLT4-L4-7B-B1,modern
OchCBur023_Ex1-7G-lcwgs-1_RG-OchCBur023-LH00516-290-22M5VHLT4-L4-7G-B1,modern
OchCBur025_Ex1-1B-lcwgs-1_RG-OchCBur025-LH00516-290-22M5VHLT4-L4-1B-B1,modern
OchCBur028_Ex1-3B-lcwgs-1_RG-OchCBur028-LH00516-290-22M5VHLT4-L4-3B-B1,modern
OchCBur029_Ex1-4A-lcwgs-1_RG-OchCBur029-LH00516-290-22M5VHLT4-L4-4A-B1,modern
OchCBur030_Ex1-4H-lcwgs-1_RG-OchCBur030-LH00516-290-22M5VHLT4-L4-4H-B1,modern
OchCBur032_Ex1-6B-lcwgs-1_RG-OchCBur032-LH00516-290-22M5VHLT4-L4-6B-B1,modern
OchCBur035_Ex1-7H-lcwgs-1_RG-OchCBur035-LH00516-290-22M5VHLT4-L4-7H-B1,modern
OchCBur037_Ex1-1C-lcwgs-1_RG-OchCBur037-LH00516-290-22M5VHLT4-L4-1C-B1,modern
OchCBur038_Ex1-2A-lcwgs-1_RG-OchCBur038-LH00516-290-22M5VHLT4-L4-2A-B1,modern
OchCBur040_Ex1-3C-lcwgs-1_RG-OchCBur040-LH00516-290-22M5VHLT4-L4-3C-B1,modern
OchCBur041_Ex1-4B-lcwgs-1_RG-OchCBur041-LH00516-290-22M5VHLT4-L4-4B-B1,modern
OchCBur045_Ex1-6G-lcwgs-1_RG-OchCBur045-LH00516-290-22M5VHLT4-L4-6G-B1,modern
OchCBur047_Ex1-8A-lcwgs-1_RG-OchCBur047-LH00516-290-22M5VHLT4-L4-8A-B1,modern
OchCBur049_Ex1-1D-lcwgs-1_RG-OchCBur049-LH00516-290-22M5VHLT4-L4-1D-B1,modern
OchCBur051_Ex1-2F-lcwgs-1_RG-OchCBur051-LH00516-290-22M5VHLT4-L4-2F-B1,modern
OchCBur052_Ex1-3D-lcwgs-1_RG-OchCBur052-LH00516-290-22M5VHLT4-L4-3D-B1,modern
OchCBur055_Ex1-5G-lcwgs-1_RG-OchCBur055-LH00516-290-22M5VHLT4-L4-5G-B1,modern
OchCBur056_Ex1-6D-lcwgs-1_RG-OchCBur056-LH00516-290-22M5VHLT4-L4-6D-B1,modern
OchCBur057_Ex1-6H-lcwgs-1_RG-OchCBur057-LH00516-290-22M5VHLT4-L4-6H-B1,modern
OchCBur058_Ex1-7D-lcwgs-1_RG-OchCBur058-LH00516-290-22M5VHLT4-L4-7D-B1,modern
OchCBur059_Ex1-8B-lcwgs-1_RG-OchCBur059-LH00516-290-22M5VHLT4-L4-8B-B1,modern
OchCBur060_Ex1-8F-lcwgs-1_RG-OchCBur060-LH00516-290-22M5VHLT4-L4-8F-B1,modern
OchCBur061_Ex1-1E-lcwgs-1_RG-OchCBur061-LH00516-290-22M5VHLT4-L4-1E-B1,modern
OchCBur062_Ex1-2B-lcwgs-1_RG-OchCBur062-LH00516-290-22M5VHLT4-L4-2B-B1,modern
OchCBur063_Ex1-2G-lcwgs-1_RG-OchCBur063-LH00516-290-22M5VHLT4-L4-2G-B1,modern
OchCBur064_Ex1-3E-lcwgs-1_RG-OchCBur064-LH00516-290-22M5VHLT4-L4-3E-B1,modern
OchCBur065_Ex1-4D-lcwgs-1_RG-OchCBur065-LH00516-290-22M5VHLT4-L4-4D-B1,modern
OchCBur069_Ex1-7A-lcwgs-1_RG-OchCBur069-LH00516-290-22M5VHLT4-L4-7A-B1,modern
OchCBur070_Ex1-7E-lcwgs-1_RG-OchCBur070-LH00516-290-22M5VHLT4-L4-7E-B1,modern
OchCBur072_Ex1-8G-lcwgs-1_RG-OchCBur072-LH00516-290-22M5VHLT4-L4-8G-B1,modern
OchCBur073_Ex1-1F-lcwgs-1_RG-OchCBur073-LH00516-290-22M5VHLT4-L4-1F-B1,modern
OchCBur074_Ex1-2C-lcwgs-1_RG-OchCBur074-LH00516-290-22M5VHLT4-L4-2C-B1,modern
OchCBur076_Ex1-3F-lcwgs-1_RG-OchCBur076-LH00516-290-22M5VHLT4-L4-3F-B1,modern
OchCBur079_Ex1-6A-lcwgs-1_RG-OchCBur079-LH00516-290-22M5VHLT4-L4-6A-B1,modern
OchCBur080_Ex1-6E-lcwgs-1_RG-OchCBur080-LH00516-290-22M5VHLT4-L4-6E-B1,modern
OchCBur082_Ex1-7F-lcwgs-1_RG-OchCBur082-LH00516-290-22M5VHLT4-L4-7F-B1,modern
OchCBur084_Ex1-8H-lcwgs-1_RG-OchCBur084-LH00516-290-22M5VHLT4-L4-8H-B1,modern
OchCBur086_Ex1-2D-lcwgs-1_RG-OchCBur086-LH00516-290-22M5VHLT4-L4-2D-B1,modern
OchCBur087_Ex1-2H-lcwgs-1_RG-OchCBur087-LH00516-290-22M5VHLT4-L4-2H-B1,modern
OchCBur088_Ex1-3G-lcwgs-1_RG-OchCBur088-LH00516-290-22M5VHLT4-L4-3G-B1,modern
OchCBur089_Ex1-4F-lcwgs-1_RG-OchCBur089-LH00516-290-22M5VHLT4-L4-4F-B1,modern
OchCCat001_Ex1-1A-lcwgs-1_RG-OchCCat001-LH00516-290-22M5VHLT4-L4-1A-B1,modern
OchCCat002_Ex1-1B-lcwgs-1_RG-OchCCat002-LH00516-290-22M5VHLT4-L4-1B-B1,modern
OchCCat003_Ex1-1C-lcwgs-1_RG-OchCCat003-LH00516-290-22M5VHLT4-L4-1C-B1,modern
OchCCat004_Ex1-1D-lcwgs-1_RG-OchCCat004-LH00516-290-22M5VHLT4-L4-1D-B1,modern
OchCCat005_Ex1-1E-lcwgs-1_RG-OchCCat005-LH00516-290-22M5VHLT4-L4-1E-B1,modern
OchCCat006_Ex1-1F-lcwgs-1_RG-OchCCat006-LH00516-290-22M5VHLT4-L4-1F-B1,modern
OchCCat007_Ex1-1G-lcwgs-1_RG-OchCCat007-LH00516-290-22M5VHLT4-L4-1G-B1,modern
OchCCat008_Ex1-1H-lcwgs-1_RG-OchCCat008-LH00516-290-22M5VHLT4-L4-1H-B1,modern
OchCCat009_Ex1-2A-lcwgs-1_RG-OchCCat009-LH00516-290-22M5VHLT4-L4-2A-B1,modern
OchCCat010_Ex1-2B-lcwgs-1_RG-OchCCat010-LH00516-290-22M5VHLT4-L4-2B-B1,modern
OchCCat011_Ex1-2C-lcwgs-1_RG-OchCCat011-LH00516-290-22M5VHLT4-L4-2C-B1,modern
OchCCat013_Ex1-2E-lcwgs-1_RG-OchCCat013-LH00516-290-22M5VHLT4-L4-2E-B1,modern
OchCCat014_Ex1-2F-lcwgs-1_RG-OchCCat014-LH00516-290-22M5VHLT4-L4-2F-B1,modern
OchCCat017_Ex1-3A-lcwgs-1_RG-OchCCat017-LH00516-290-22M5VHLT4-L4-3A-B1,modern
OchCCat019_Ex1-3C-lcwgs-1_RG-OchCCat019-LH00516-290-22M5VHLT4-L4-3C-B1,modern
OchCCat020_Ex1-3D-lcwgs-1_RG-OchCCat020-LH00516-290-22M5VHLT4-L4-3D-B1,modern
OchCCat021_Ex1-3E-lcwgs-1_RG-OchCCat021-LH00516-290-22M5VHLT4-L4-3E-B1,modern
OchCCat023_Ex1-4E-lcwgs-1_RG-OchCCat023-LH00516-290-22M5VHLT4-L4-4E-B1,modern
OchCCat024_Ex1-5G-lcwgs-1_RG-OchCCat024-LH00516-290-22M5VHLT4-L4-5G-B1,modern
OchCCat025_Ex1-4A-lcwgs-1_RG-OchCCat025-LH00516-290-22M5VHLT4-L4-4A-B1,modern
OchCCat028_Ex1-5C-lcwgs-1_RG-OchCCat028-LH00516-290-22M5VHLT4-L4-5C-B1,modern
OchCCat029_Ex1-3H-lcwgs-1_RG-OchCCat029-LH00516-290-22M5VHLT4-L4-3H-B1,modern
OchCCat031_Ex1-3G-lcwgs-1_RG-OchCCat031-LH00516-290-22M5VHLT4-L4-3G-B1,modern
OchCCat035_Ex1-6A-lcwgs-1_RG-OchCCat035-LH00516-290-22M5VHLT4-L4-6A-B1,modern
OchCCat036_Ex1-5D-lcwgs-1_RG-OchCCat036-LH00516-290-22M5VHLT4-L4-5D-B1,modern
OchCCat037_Ex1-4B-lcwgs-1_RG-OchCCat037-LH00516-290-22M5VHLT4-L4-4B-B1,modern
OchCCat038_Ex1-4C-lcwgs-1_RG-OchCCat038-LH00516-290-22M5VHLT4-L4-4C-B1,modern
OchCCat047_Ex1-4H-lcwgs-1_RG-OchCCat047-LH00516-290-22M5VHLT4-L4-4H-B1,modern
OchCCat051_Ex1-8B-lcwgs-1_RG-OchCCat051-LH00516-290-22M5VHLT4-L4-8B-B1,modern
OchCCat059_Ex1-8C-lcwgs-1_RG-OchCCat059-LH00516-290-22M5VHLT4-L4-8C-B1,modern
OchCCat063_Ex1-5E-lcwgs-1_RG-OchCCat063-LH00516-290-22M5VHLT4-L4-5E-B1,modern
OchCCat065_Ex1-4F-lcwgs-1_RG-OchCCat065-LH00516-290-22M5VHLT4-L4-4F-B1,modern
OchCCat066_Ex1-7A-lcwgs-1_RG-OchCCat066-LH00516-290-22M5VHLT4-L4-7A-B1,modern
OchCCat069_Ex1-5F-lcwgs-1_RG-OchCCat069-LH00516-290-22M5VHLT4-L4-5F-B1,modern
OchCCat072_Ex1-7E-lcwgs-1_RG-OchCCat072-LH00516-290-22M5VHLT4-L4-7E-B1,modern
OchCCat074_Ex1-6E-lcwgs-1_RG-OchCCat074-LH00516-290-22M5VHLT4-L4-6E-B1,modern
OchCCat075_Ex1-5B-lcwgs-1_RG-OchCCat075-LH00516-290-22M5VHLT4-L4-5B-B1,modern
OchCCat077_Ex1-5A-lcwgs-1_RG-OchCCat077-LH00516-290-22M5VHLT4-L4-5A-B1,modern
OchCCat079_Ex1-8A-lcwgs-1_RG-OchCCat079-LH00516-290-22M5VHLT4-L4-8A-B1,modern
OchCCat082_Ex1-6H-lcwgs-1_RG-OchCCat082-LH00516-290-22M5VHLT4-L4-6H-B1,modern
OchCCat083_Ex1-6F-lcwgs-1_RG-OchCCat083-LH00516-290-22M5VHLT4-L4-6F-B1,modern
OchCCat084_Ex1-7D-lcwgs-1_RG-OchCCat084-LH00516-290-22M5VHLT4-L4-7D-B1,modern
OchCCat085_Ex1-6G-lcwgs-1_RG-OchCCat085-LH00516-290-22M5VHLT4-L4-6G-B1,modern
OchCCat090_Ex1-8G-lcwgs-1_RG-OchCCat090-LH00516-290-22M5VHLT4-L4-8G-B1,modern
OchCCat092_Ex1-8F-lcwgs-1_RG-OchCCat092-LH00516-290-22M5VHLT4-L4-8F-B1,modern
OchCCat094_Ex1-4D-lcwgs-1_RG-OchCCat094-LH00516-290-22M5VHLT4-L4-4D-B1,modern
OchCCat095_Ex1-7B-lcwgs-1_RG-OchCCat095-LH00516-290-22M5VHLT4-L4-7B-B1,modern
OchCCat096_Ex1-6B-lcwgs-1_RG-OchCCat096-LH00516-290-22M5VHLT4-L4-6B-B1,modern
OchCTum001_Ex1-5A-lcwgs-1_RG-OchCTum001-LH00516-290-22M5VHLT4-L4-5A-B1,modern
OchCTum002_Ex1-5B-lcwgs-1_RG-OchCTum002-LH00516-290-22M5VHLT4-L4-5B-B1,modern
OchCTum003_Ex1-5C-lcwgs-1_RG-OchCTum003-LH00516-290-22M5VHLT4-L4-5C-B1,modern
OchCTum004_Ex1-5D-lcwgs-1_RG-OchCTum004-LH00516-290-22M5VHLT4-L4-5D-B1,modern
OchCTum005_Ex1-5E-lcwgs-1_RG-OchCTum005-LH00516-290-22M5VHLT4-L4-5E-B1,modern
OchCTum006_Ex1-5F-lcwgs-1_RG-OchCTum006-LH00516-290-22M5VHLT4-L4-5F-B1,modern
OchCTum007_Ex1-5G-lcwgs-1_RG-OchCTum007-LH00516-290-22M5VHLT4-L4-5G-B1,modern
OchCTum008_Ex1-5H-lcwgs-1_RG-OchCTum008-LH00516-290-22M5VHLT4-L4-5H-B1,modern
OchCTum009_Ex1-6A-lcwgs-1_RG-OchCTum009-LH00516-290-22M5VHLT4-L4-6A-B1,modern
OchCTum010_Ex1-6B-lcwgs-1_RG-OchCTum010-LH00516-290-22M5VHLT4-L4-6B-B1,modern
OchCTum011_Ex1-6C-lcwgs-1_RG-OchCTum011-LH00516-290-22M5VHLT4-L4-6C-B1,modern
OchCTum012_Ex1-6D-lcwgs-1_RG-OchCTum012-LH00516-290-22M5VHLT4-L4-6D-B1,modern
OchCTum013_Ex1-6E-lcwgs-1_RG-OchCTum013-LH00516-290-22M5VHLT4-L4-6E-B1,modern
OchCTum014_Ex1-6F-lcwgs-1_RG-OchCTum014-LH00516-290-22M5VHLT4-L4-6F-B1,modern
OchCTum015_Ex1-6G-lcwgs-1_RG-OchCTum015-LH00516-290-22M5VHLT4-L4-6G-B1,modern
OchCTum016_Ex1-6H-lcwgs-1_RG-OchCTum016-LH00516-290-22M5VHLT4-L4-6H-B1,modern
OchCTum017_Ex1-7A-lcwgs-1_RG-OchCTum017-LH00516-290-22M5VHLT4-L4-7A-B1,modern
OchCTum018_Ex1-7B-lcwgs-1_RG-OchCTum018-LH00516-290-22M5VHLT4-L4-7B-B1,modern
OchCTum019_Ex1-7C-lcwgs-1_RG-OchCTum019-LH00516-290-22M5VHLT4-L4-7C-B1,modern
OchCTum020_Ex1-7D-lcwgs-1_RG-OchCTum020-LH00516-290-22M5VHLT4-L4-7D-B1,modern
OchCTum021_Ex1-7E-lcwgs-1_RG-OchCTum021-LH00516-290-22M5VHLT4-L4-7E-B1,modern
OchCTum022_Ex1-7F-lcwgs-1_RG-OchCTum022-LH00516-290-22M5VHLT4-L4-7F-B1,modern
OchCTum023_Ex1-7G-lcwgs-1_RG-OchCTum023-LH00516-290-22M5VHLT4-L4-7G-B1,modern
OchCTum024_Ex1-7H-lcwgs-1_RG-OchCTum024-LH00516-290-22M5VHLT4-L4-7H-B1,modern
OchCTum025_Ex1-8A-lcwgs-1_RG-OchCTum025-LH00516-290-22M5VHLT4-L4-8A-B1,modern
OchCTum026_Ex1-8B-lcwgs-1_RG-OchCTum026-LH00516-290-22M5VHLT4-L4-8B-B1,modern
OchCTum027_Ex1-8C-lcwgs-1_RG-OchCTum027-LH00516-290-22M5VHLT4-L4-8C-B1,modern
OchCTum028_Ex1-8D-lcwgs-1_RG-OchCTum028-LH00516-290-22M5VHLT4-L4-8D-B1,modern
OchCTum029_Ex1-8E-lcwgs-1_RG-OchCTum029-LH00516-290-22M5VHLT4-L4-8E-B1,modern
OchCTum030_Ex1-8F-lcwgs-1_RG-OchCTum030-LH00516-290-22M5VHLT4-L4-8F-B1,modern
OchCTum031_Ex1-8G-lcwgs-1_RG-OchCTum031-LH00516-290-22M5VHLT4-L4-8G-B1,modern
OchCTum032_Ex1-8H-lcwgs-1_RG-OchCTum032-LH00516-290-22M5VHLT4-L4-8H-B1,modern
OchCTum033_Ex1-9A-lcwgs-1_RG-OchCTum033-LH00516-290-22M5VHLT4-L4-9A-B1,modern
OchCTum034_Ex1-9B-lcwgs-1_RG-OchCTum034-LH00516-290-22M5VHLT4-L4-9B-B1,modern
OchCTum035_Ex1-9C-lcwgs-1_RG-OchCTum035-LH00516-290-22M5VHLT4-L4-9C-B1,modern
OchCTum036_Ex1-9D-lcwgs-1_RG-OchCTum036-LH00516-290-22M5VHLT4-L4-9D-B1,modern
OchCTum037_Ex1-9E-lcwgs-1_RG-OchCTum037-LH00516-290-22M5VHLT4-L4-9E-B1,modern
OchCTum038_Ex1-9F-lcwgs-1_RG-OchCTum038-LH00516-290-22M5VHLT4-L4-9F-B1,modern
OchCTum039_Ex1-9G-lcwgs-1_RG-OchCTum039-LH00516-290-22M5VHLT4-L4-9G-B1,modern
OchCTum040_Ex1-9H-lcwgs-1_RG-OchCTum040-LH00516-290-22M5VHLT4-L4-9H-B1,modern
OchCTum041_Ex1-10A-lcwgs-1_RG-OchCTum041-LH00516-290-22M5VHLT4-L4-10A-B1,modern
OchCTum042_Ex1-10B-lcwgs-1_RG-OchCTum042-LH00516-290-22M5VHLT4-L4-10B-B1,modern
OchCTum043_Ex1-10C-lcwgs-1_RG-OchCTum043-LH00516-290-22M5VHLT4-L4-10C-B1,modern
OchCTum044_Ex1-10D-lcwgs-1_RG-OchCTum044-LH00516-290-22M5VHLT4-L4-10D-B1,modern
OchCTum045_Ex1-10E-lcwgs-1_RG-OchCTum045-LH00516-290-22M5VHLT4-L4-10E-B1,modern
OchCTum047_Ex1-10G-lcwgs-1_RG-OchCTum047-LH00516-290-22M5VHLT4-L4-10G-B1,modern
OchCTum048_Ex1-10H-lcwgs-1_RG-OchCTum048-LH00516-290-22M5VHLT4-L4-10H-B1,modern
OchCTum049_Ex1-11A-lcwgs-1_RG-OchCTum049-LH00516-290-22M5VHLT4-L4-11A-B1,modern
